,cluster,variant
0,X0001,rs114112990
1,X0001,rs80106349
2,X0001,rs75222977
3,X0001,rs78407966
4,X0001,rs76941853
5,X0001,rs3812645
6,X0001,rs117085966
7,X0002,rs10797377
8,X0002,rs17114046
9,X0002,rs17465637
10,X0002,rs7523348
11,X0002,rs111286424
12,X0002,rs1727884
13,X0002,rs17011337
14,X0002,rs152784
15,X0002,rs66867947
16,X0002,rs55856036
17,X0002,rs2286195
18,X0002,rs979203
19,X0002,rs3731239
20,X0002,rs7904547
21,X0002,rs680091
22,X0002,rs9515203
23,X0002,rs8035039
24,X0002,rs77870048
25,X0002,rs60675007
26,X0002,rs216196
27,X0002,rs2302783
28,X0002,rs8109627
29,X0003,rs10797386
30,X0003,rs114080907
31,X0003,rs113984483
32,X0003,rs78685710
33,X0003,rs73214037
34,X0003,rs114187425
35,X0003,rs362885
36,X0003,rs74759033
37,X0004,rs6658988
38,X0004,rs79655101
39,X0005,rs115244944
40,X0005,rs76523732
41,X0005,rs55968350
42,X0005,rs78501510
43,X0005,rs62574559
44,X0005,rs62571477
45,X0005,rs71482359
46,X0005,rs6576557
47,X0005,rs17238859
48,X0005,rs116996941
49,X0005,rs142030651
50,X0006,rs114453190
51,X0006,rs3812497
52,X0006,rs11169571
53,X0006,rs75518588
54,X0007,rs2039631
55,X0007,rs36000907
56,X0007,rs13216156
57,X0007,rs62445717
58,X0007,rs112625050
59,X0007,rs2228638
60,X0007,rs72820359
61,X0008,rs12046278
62,X0008,rs11102516
63,X0008,rs2586886
64,X0008,rs13082711
65,X0008,rs35516283
66,X0008,rs7685862
67,X0008,rs9375459
68,X0008,rs17428471
69,X0008,rs4980389
70,X0008,rs2293579
71,X0008,rs948493
72,X0008,rs2627323
73,X0008,rs17608766
74,X0008,rs1327235
75,X0009,rs58064215
76,X0009,rs2713587
77,X0009,rs34145453
78,X0009,rs8057031
79,X0009,rs6021275
80,X0010,rs11121617
81,X0010,rs7572554
82,X0010,rs6356
83,X0010,rs2968482
84,X0011,rs17367504
85,X0011,rs1173727
86,X0011,rs11954193
87,X0011,rs57139556
88,X0011,rs3735533
89,X0011,rs1530440
90,X0011,rs2274224
91,X0011,rs2681492
92,X0011,rs35444
93,X0011,rs34328549
94,X0011,rs6055971
95,X0012,rs76574709
96,X0012,rs202205027
97,X0012,rs74780414
98,X0012,rs117867136
99,X0012,rs73201983
100,X0013,rs114041233
101,X0013,rs77382928
102,X0013,rs61820511
103,X0013,rs113985666
104,X0013,rs77211134
105,X0013,rs4679325
106,X0013,rs10027113
107,X0013,rs62340688
108,X0013,rs76444916
109,X0013,rs80043425
110,X0013,rs74664320
111,X0013,rs1165376
112,X0013,rs9321356
113,X0013,rs6926578
114,X0013,rs73364245
115,X0013,rs2304877
116,X0013,rs117464630
117,X0013,rs72986571
118,X0013,rs7146393
119,X0013,rs2176075
120,X0013,rs67405884
121,X0013,rs79466107
122,X0013,rs201896893
123,X0014,rs12136606
124,X0014,rs62170465
125,X0014,rs80054318
126,X0014,rs74304768
127,X0014,rs786807
128,X0014,rs150199484
129,X0015,rs74399042
130,X0015,rs72704117
131,X0015,rs116321647
132,X0015,rs2111471
133,X0015,rs1505428
134,X0015,rs77261098
135,X0015,rs75016295
136,X0015,rs74617895
137,X0015,rs78296588
138,X0015,rs78617806
139,X0015,rs117730468
140,X0015,rs41321249
141,X0015,rs117602470
142,X0015,rs116929418
143,X0015,rs80008499
144,X0016,rs2762894
145,X0016,rs11894986
146,X0016,rs79281630
147,X0016,rs13021736
148,X0016,rs157934
149,X0016,rs10216564
150,X0016,rs147305104
151,X0016,rs7818948
152,X0016,rs12341542
153,X0016,rs76407406
154,X0016,rs174570
155,X0016,rs412533
156,X0016,rs9943876
157,X0016,rs464274
158,X0016,rs214830
159,X0016,rs6013012
160,X0017,rs4920607
161,X0017,rs72700881
162,X0017,rs801109
163,X0017,rs73093445
164,X0017,rs214803
165,X0018,rs72648438
166,X0018,rs79338951
167,X0018,rs80281317
168,X0018,rs28668773
169,X0018,rs9372863
170,X0018,rs76226443
171,X0018,rs76061879
172,X0018,rs71564781
173,X0018,rs17231595
174,X0018,rs9630172
175,X0018,rs72968050
176,X0018,rs34650841
177,X0018,rs45484197
178,X0018,rs785427
179,X0018,rs71384569
180,X0018,rs9913352
181,X0018,rs62095487
182,X0018,rs4815020
183,X0019,rs111515202
184,X0019,rs77455275
185,X0019,rs76090957
186,X0019,rs17586297
187,X0019,rs114794549
188,X0019,rs116047120
189,X0019,rs17580163
190,X0019,rs79110379
191,X0019,rs79986080
192,X0019,rs62449372
193,X0019,rs80301223
194,X0019,rs17372597
195,X0019,rs74827573
196,X0019,rs35067526
197,X0019,rs2722223
198,X0019,rs117813251
199,X0020,rs28408478
200,X0020,rs72759465
201,X0020,rs74835065
202,X0020,rs146081892
203,X0020,rs72723250
204,X0020,rs34159951
205,X0020,rs78895459
206,X0020,rs80029792
207,X0020,rs117540688
208,X0020,rs79343817
209,X0020,rs78560828
210,X0020,rs61756485
211,X0020,rs79680354
212,X0020,rs79113544
213,X0020,rs117123268
214,X0020,rs35216196
215,X0020,rs78346601
216,X0020,rs75431865
217,X0021,rs2854102
218,X0021,rs62414610
219,X0021,rs74357743
220,X0021,rs77237430
221,X0021,rs117491017
222,X0021,rs117929870
223,X0021,rs76775795
224,X0021,rs17394246
225,X0021,rs139338093
226,X0021,rs76558737
227,X0021,rs74907094
228,X0021,rs4252548
229,X0021,rs1326862
230,X0022,rs1317209
231,X0022,rs11465802
232,X0022,rs1801274
233,X0022,rs6861600
234,X0022,rs10974944
235,X0022,rs4409764
236,X0023,rs6426833
237,X0023,rs11209026
238,X0023,rs6896969
239,X0023,rs10276619
240,X0023,rs10761659
241,X0023,rs2155219
242,X0023,rs6017342
243,X0023,rs2836878
244,X0023,rs2413583
245,X0024,rs1796923
246,X0024,rs72649272
247,X0024,rs78798473
248,X0024,rs115631386
249,X0024,rs72829251
250,X0024,rs4714669
251,X0024,rs74912350
252,X0024,rs78593318
253,X0024,rs76733568
254,X0024,rs72988842
255,X0024,rs117010525
256,X0024,rs35735708
257,X0024,rs41262444
258,X0025,rs16825455
259,X0025,rs2231142
260,X0025,rs11746443
261,X0025,rs1404278
262,X0025,rs3788338
263,X0026,rs79928839
264,X0026,rs74669452
265,X0026,rs13434190
266,X0026,rs74745420
267,X0026,rs114632267
268,X0026,rs11967333
269,X0026,rs75128130
270,X0026,rs117140019
271,X0026,rs112424909
272,X0027,rs61778046
273,X0027,rs12325192
274,X0028,rs115011993
275,X0028,rs116821480
276,X0028,rs79791727
277,X0028,rs59541686
278,X0028,rs17656127
279,X0028,rs78614307
280,X0028,rs78943781
281,X0029,rs72657827
282,X0029,rs61005382
283,X0029,rs75573379
284,X0029,rs13414323
285,X0029,rs116251179
286,X0029,rs148793625
287,X0029,rs72647873
288,X0029,rs79916183
289,X0029,rs115772630
290,X0029,rs76601328
291,X0029,rs62435563
292,X0029,rs17437544
293,X0029,rs62490898
294,X0029,rs7011581
295,X0029,rs117120696
296,X0029,rs7939393
297,X0029,rs1627851
298,X0029,rs73026643
299,X0029,Affx-9433323
300,X0029,rs72661820
301,X0029,rs7221713
302,X0029,rs76788986
303,X0029,rs35724370
304,X0030,rs11588060
305,X0030,rs17475168
306,X0030,rs78990647
307,X0030,rs77496368
308,X0030,rs79567137
309,X0030,rs78437391
310,X0030,rs116908681
311,X0030,rs62085423
312,X0030,rs74968339
313,X0031,rs139898146
314,X0031,rs1321822
315,X0031,rs12917707
316,X0032,rs113994472
317,X0032,rs115445154
318,X0032,rs74859699
319,X0032,rs999091
320,X0032,rs17880984
321,X0032,rs78424619
322,X0032,rs77282735
323,X0032,rs77499291
324,X0032,rs45570136
325,X0032,rs78574971
326,X0032,rs76776920
327,X0032,rs74577983
328,X0033,rs115322418
329,X0033,rs78034869
330,X0033,rs114998933
331,X0033,rs113224532
332,X0033,rs118011544
333,X0033,rs112742247
334,X0033,rs12867435
335,X0033,rs16967767
336,X0033,rs75683534
337,X0033,rs76309893
338,X0033,rs75495766
339,X0033,rs75003023
340,X0033,rs58842514
341,X0034,rs17162040
342,X0034,rs11591147
343,X0034,rs629301
344,X0034,rs2943659
345,X0034,rs78807522
346,X0034,rs1145101
347,X0034,rs3798164
348,X0034,rs6935921
349,X0034,rs15285
350,X0034,rs914605
351,X0034,rs76404194
352,X0034,rs11554764
353,X0034,rs116843064
354,X0034,rs6511720
355,X0034,rs35976034
356,X0034,rs445925
357,X0035,rs17162990
358,X0035,rs1761375
359,X0035,rs2030049
360,X0035,rs11580034
361,X0035,rs881576
362,X0035,rs13393011
363,X0035,rs72770110
364,X0035,rs4666563
365,X0035,rs2968614
366,X0035,rs7598034
367,X0035,rs36063014
368,X0035,rs34118408
369,X0035,rs78126965
370,X0035,rs77247306
371,X0035,rs10008980
372,X0035,rs114123372
373,X0035,rs7714832
374,X0035,rs367836
375,X0035,rs318651
376,X0035,rs2599668
377,X0035,rs17744945
378,X0035,rs3933796
379,X0035,rs12345511
380,X0035,rs10817110
381,X0035,rs45451594
382,X0035,rs3121290
383,X0035,rs1059513
384,X0035,rs117839344
385,X0035,rs72696787
386,X0035,rs7166783
387,X0035,rs11077149
388,X0035,rs36107265
389,X0035,rs72848438
390,X0035,rs8084580
391,X0035,rs7240392
392,X0035,rs17692336
393,X0035,rs35901992
394,X0036,rs12085650
395,X0036,Affx-20583135
396,X0036,rs79845597
397,X0036,rs7865017
398,X0037,rs78262206
399,X0037,rs116086868
400,X0037,rs7092236
401,X0037,rs114765604
402,X0037,rs117046754
403,X0037,rs75891980
404,X0038,rs4949465
405,X0038,rs400197
406,X0039,rs35533335
407,X0039,rs150006865
408,X0039,rs188135659
409,X0039,rs115754869
410,X0039,rs76677480
411,X0039,rs115601504
412,X0039,rs74818966
413,X0039,rs117197053
414,X0039,rs117071573
415,X0039,rs117196480
416,X0039,rs117414661
417,X0039,rs35836893
418,X0039,rs74677747
419,X0039,rs73042964
420,X0039,rs117114876
421,X0039,rs117679538
422,X0039,rs117869970
423,X0040,rs116211639
424,X0040,rs75080821
425,X0040,rs35921408
426,X0040,rs1318498
427,X0040,rs76769018
428,X0040,rs115448443
429,X0040,rs114995475
430,X0040,rs17752346
431,X0040,rs34986024
432,X0040,rs117479459
433,X0040,rs79512063
434,X0040,rs61829222
435,X0040,rs76242156
436,X0040,rs118113273
437,X0040,rs17522649
438,X0040,rs73086940
439,X0041,rs11811132
440,X0041,rs12025684
441,X0041,rs6682594
442,X0041,rs112673116
443,X0041,rs116224392
444,X0041,rs62272723
445,X0041,rs116564764
446,X0041,rs73165246
447,X0041,rs2401797
448,X0041,rs4134947
449,X0041,rs117814185
450,X0041,rs9918841
451,X0041,rs2648908
452,X0041,rs74850627
453,X0042,rs115729723
454,X0042,rs75655068
455,X0042,rs78586881
456,X0042,rs117825839
457,X0042,rs75876943
458,X0042,rs117487501
459,X0042,rs191800091
460,X0042,rs17393098
461,X0042,rs116911364
462,X0042,rs117453948
463,X0042,rs116996274
464,X0042,rs112888289
465,X0043,rs115083581
466,X0043,rs61248406
467,X0043,rs77865213
468,X0043,rs111771141
469,X0043,rs75376680
470,X0043,rs115573344
471,X0043,rs74925736
472,X0043,rs114477071
473,X0043,rs114496068
474,X0043,rs75480238
475,X0043,rs117824799
476,X0043,Affx-8411664
477,X0043,rs117470014
478,X0043,rs2168211
479,X0043,rs78820411
480,X0043,rs4782160
481,X0043,rs80301618
482,X0043,rs79268501
483,X0043,rs118009375
484,X0043,rs56008485
485,X0044,rs17442634
486,X0044,rs115487786
487,X0044,rs3117761
488,X0044,rs79903598
489,X0044,rs114306262
490,X0044,rs114584378
491,X0044,rs56393337
492,X0044,rs56319538
493,X0044,rs73173542
494,X0044,rs115770623
495,X0044,rs75270276
496,X0044,rs3025144
497,X0044,rs6964235
498,X0044,rs77502261
499,X0044,rs117843550
500,X0044,rs56229264
501,X0044,rs150488832
502,X0044,rs72630661
503,X0044,rs28514585
504,X0044,rs76260868
505,X0044,rs116919233
506,X0044,rs77005723
507,X0044,rs4746853
508,X0044,rs76220472
509,X0044,rs79729399
510,X0044,rs117761474
511,X0044,rs116352995
512,X0044,rs79733525
513,X0044,rs76918861
514,X0044,rs181387571
515,X0044,rs76731769
516,X0044,rs78076094
517,X0044,rs76157865
518,X0044,rs76195709
519,X0045,rs114249449
520,X0045,rs116570129
521,X0045,rs116517351
522,X0045,rs34974961
523,X0045,rs75063504
524,X0045,rs80185276
525,X0045,rs200831400
526,X0045,rs73302752
527,X0045,rs41274622
528,X0045,rs76409154
529,X0045,rs117803799
530,X0045,rs117097463
531,X0045,rs117535546
532,X0045,rs118166304
533,X0045,rs78554423
534,X0045,rs62231188
535,X0046,rs79263266
536,X0046,rs75789659
537,X0046,rs116567155
538,X0046,rs6855671
539,X0046,rs35249942
540,X0046,rs72806763
541,X0046,rs116682995
542,X0046,rs17137306
543,X0046,rs830478
544,X0046,rs56109708
545,X0046,rs11051689
546,X0046,rs1847246
547,X0046,rs140556148
548,X0046,rs79756656
549,X0046,rs6067711
550,X0046,rs117887431
551,X0047,rs17501838
552,X0047,rs78536404
553,X0047,rs115310313
554,X0047,rs115509457
555,X0047,rs13209782
556,X0047,rs77923642
557,X0047,rs117857023
558,X0047,rs140273521
559,X0047,rs114453043
560,X0047,rs12863935
561,X0047,rs116903209
562,X0047,rs117593613
563,X0047,rs11150606
564,X0047,rs118022586
565,X0048,rs56198862
566,X0048,rs75867155
567,X0048,rs72780755
568,X0048,rs2654763
569,X0048,rs72686220
570,X0048,rs77184804
571,X0048,rs76938821
572,X0048,rs17286571
573,X0048,rs116907527
574,X0048,rs116979850
575,X0048,rs77303430
576,X0048,rs74732462
577,X0048,rs9666585
578,X0048,rs72919779
579,X0048,rs72677598
580,X0048,rs117508732
581,X0048,rs11641700
582,X0048,rs17666226
583,X0048,rs77684214
584,X0049,rs60541895
585,X0049,rs79990645
586,X0049,rs79635241
587,X0049,rs116769405
588,X0049,rs55962141
589,X0049,rs61756411
590,X0049,rs77809575
591,X0049,rs78755503
592,X0049,rs803400
593,X0049,rs12536985
594,X0049,rs113040697
595,X0049,rs73593548
596,X0049,rs11226914
597,X0049,rs117116392
598,X0049,rs72687020
599,X0049,rs117675380
600,X0049,rs112765961
601,X0049,rs112308695
602,X0050,rs76660977
603,X0050,rs115670257
604,X0050,rs115165870
605,X0050,rs72948168
606,X0050,rs35667974
607,X0050,rs11706566
608,X0050,rs56284116
609,X0050,rs73271426
610,X0050,rs77975668
611,X0050,rs117018013
612,X0050,rs9656829
613,X0050,rs78894544
614,X0050,rs56281909
615,X0050,rs67138555
616,X0050,rs17854135
617,X0050,rs75781922
618,X0051,rs116407893
619,X0051,rs9837806
620,X0051,rs72686452
621,X0051,rs115551283
622,X0051,rs79144467
623,X0051,rs80210050
624,X0051,rs80349490
625,X0051,rs7024058
626,X0051,rs72973582
627,X0051,rs75668017
628,X0051,rs282232
629,X0051,rs79656987
630,X0051,rs140959648
631,X0051,rs2238664
632,X0052,rs76123431
633,X0052,rs35383149
634,X0052,rs116833987
635,X0052,rs116434694
636,X0052,rs12409334
637,X0052,rs77055995
638,X0052,rs77685854
639,X0052,rs111932090
640,X0052,rs77711036
641,X0052,rs116249078
642,X0052,rs62378043
643,X0052,rs76504129
644,X0052,rs76904521
645,X0052,rs117577998
646,X0052,rs71484016
647,X0052,rs116940284
648,X0052,rs12790383
649,X0052,rs11225148
650,X0052,rs76984655
651,X0052,rs77089900
652,X0052,rs111785063
653,X0052,rs7275460
654,X0052,rs9608465
655,X0052,rs35010022
656,X0052,rs62225901
657,X0053,rs114218990
658,X0053,rs12496072
659,X0053,Affx-52367455
660,X0053,rs12777
661,X0053,rs116577322
662,X0053,rs75158997
663,X0053,rs75323949
664,X0053,rs7386241
665,X0053,rs34390775
666,X0053,rs72850953
667,X0053,rs11021370
668,X0053,rs34265079
669,X0054,rs35615859
670,X0054,rs11807189
671,X0054,rs114139149
672,X0054,rs79401038
673,X0054,rs12193769
674,X0054,rs61729951
675,X0054,rs10283576
676,X0054,rs9559841
677,X0054,rs76119306
678,X0055,rs78266384
679,X0055,rs72733621
680,X0055,rs71595688
681,X0055,rs113409754
682,X0055,rs117399377
683,X0055,rs17857515
684,X0055,rs79458143
685,X0055,rs73180929
686,X0055,rs116448368
687,X0055,rs62128682
688,X0056,rs2500452
689,X0056,rs7223467
690,X0057,rs79811951
691,X0057,rs76040961
692,X0057,rs295318
693,X0057,rs76566749
694,X0057,rs117557765
695,X0057,rs118166287
696,X0057,rs7021724
697,X0057,rs75864858
698,X0057,rs78851502
699,X0057,rs117173876
700,X0057,rs72636144
701,X0057,rs12433287
702,X0057,rs17741506
703,X0057,rs111892515
704,X0057,rs28659842
705,X0057,rs4821318
706,X0058,rs61780598
707,X0058,rs61319746
708,X0058,rs7717123
709,X0058,rs117531883
710,X0058,rs35868637
711,X0058,rs10997236
712,X0058,rs117420945
713,X0058,rs62239049
714,X0059,rs6696001
715,X0059,rs75276992
716,X0059,rs114096014
717,X0059,rs80125857
718,X0059,rs115044935
719,X0059,rs115043143
720,X0059,rs116320373
721,X0059,rs79584242
722,X0059,rs11946166
723,X0059,rs75152008
724,X0059,rs75404215
725,X0059,rs13227807
726,X0059,rs116859464
727,X0059,rs77173849
728,X0059,rs77911647
729,X0059,rs55783015
730,X0059,rs12808433
731,X0059,rs118097116
732,X0059,rs77928709
733,X0059,rs17813263
734,X0059,rs73335365
735,X0059,rs117032670
736,X0059,rs17088434
737,X0059,rs78669630
738,X0059,rs112979036
739,X0059,rs56113960
740,X0060,rs61772626
741,X0060,rs11678166
742,X0060,rs79299247
743,X0060,rs80213544
744,X0060,rs4420638
745,X0061,rs72914340
746,X0061,rs12052817
747,X0061,rs78073327
748,X0061,rs79635565
749,X0061,rs114009002
750,X0061,rs13212461
751,X0061,rs56411036
752,X0061,rs7756047
753,X0061,rs2301601
754,X0061,rs73435406
755,X0061,rs79685532
756,X0061,rs76734869
757,X0061,rs17242346
758,X0061,rs59552706
759,X0061,rs959878
760,X0062,rs72678805
761,X0062,rs12201940
762,X0062,rs78867611
763,X0062,rs61952371
764,X0063,rs116276575
765,X0063,rs73021687
766,X0063,rs56227635
767,X0063,rs149872224
768,X0063,rs116916924
769,X0064,rs72677908
770,X0064,rs1528580
771,X0064,rs11969073
772,X0064,rs11256193
773,X0064,rs111341849
774,X0064,rs76045649
775,X0064,rs75207346
776,X0064,rs28502093
777,X0064,rs17232120
778,X0064,rs16968377
779,X0065,rs116490929
780,X0065,rs73272823
781,X0065,rs74651669
782,X0066,rs1168013
783,X0066,rs541041
784,X0067,rs115515529
785,X0067,rs77958594
786,X0067,rs116419863
787,X0067,rs9992080
788,X0067,rs76378198
789,X0067,rs116865068
790,X0067,rs111696352
791,X0067,rs75714869
792,X0068,rs76977469
793,X0068,rs9832761
794,X0068,rs79459684
795,X0068,rs75729198
796,X0068,rs11784918
797,X0068,rs117458000
798,X0069,rs35512961
799,X0069,rs78024203
800,X0069,rs62242686
801,X0069,rs116144413
802,X0069,rs114481486
803,X0069,rs62355904
804,X0069,rs62402484
805,X0069,rs3800461
806,X0069,rs117464696
807,X0069,rs73366442
808,X0069,rs187700680
809,X0069,rs77268492
810,X0069,rs17639656
811,X0069,rs143192258
812,X0069,rs76638161
813,X0069,rs1386003
814,X0069,rs11841026
815,X0069,rs10690822
816,X0069,rs77542162
817,X0069,rs73031884
818,X0070,rs74986928
819,X0070,rs77737545
820,X0070,rs112242463
821,X0070,rs72858498
822,X0070,rs112472535
823,X0070,rs4692031
824,X0070,rs17439796
825,X0070,rs115252368
826,X0070,rs10457202
827,X0070,rs11992011
828,X0070,rs75585141
829,X0070,rs117571560
830,X0070,rs74452899
831,X0070,rs118006904
832,X0070,rs75005694
833,X0071,rs7516789
834,X0071,rs115158632
835,X0071,rs75583295
836,X0071,rs72649226
837,X0071,rs75004325
838,X0071,rs117599750
839,X0072,rs114437140
840,X0072,rs12754465
841,X0072,rs116527709
842,X0072,rs114663629
843,X0072,rs7597058
844,X0072,rs150021639
845,X0072,rs75411983
846,X0072,rs115260498
847,X0072,rs74980942
848,X0072,rs80320220
849,X0072,rs75198306
850,X0072,rs116579468
851,X0072,rs80311134
852,X0072,rs73204665
853,X0072,rs80343479
854,X0072,rs58950125
855,X0072,rs55721418
856,X0072,rs80260767
857,X0072,rs79969300
858,X0072,rs78108191
859,X0072,Affx-4319464
860,X0072,rs35917620
861,X0072,rs78008978
862,X0072,rs17176768
863,X0072,rs76176567
864,X0072,rs1026385
865,X0072,rs17768925
866,X0072,rs77068175
867,X0072,rs78288136
868,X0072,rs116847944
869,X0072,rs75238886
870,X0072,rs147985248
871,X0072,rs117772358
872,X0072,rs28645223
873,X0072,rs117167710
874,X0072,rs76293282
875,X0072,rs17806562
876,X0073,rs114712131
877,X0073,rs72722108
878,X0073,rs62180472
879,X0073,rs61129840
880,X0073,rs71323034
881,X0073,rs76760096
882,X0073,rs79665557
883,X0073,rs75054437
884,X0073,rs888859
885,X0073,rs74678038
886,X0073,rs75098702
887,X0073,rs117362018
888,X0073,rs12213810
889,X0073,rs17431838
890,X0073,rs11789912
891,X0073,rs61854878
892,X0073,rs117344772
893,X0073,Affx-52325364
894,X0073,rs78221103
895,X0073,rs9564188
896,X0073,rs72763071
897,X0073,rs6420398
898,X0073,rs55749608
899,X0073,rs117611723
900,X0073,rs117220821
901,X0074,rs17094777
902,X0074,rs78049802
903,X0074,rs13134336
904,X0074,rs17843975
905,X0074,rs111763904
906,X0074,rs117577142
907,X0074,rs2351326
908,X0074,rs12257077
909,X0074,rs80132640
910,X0074,rs9514526
911,X0074,rs62020330
912,X0074,rs28459338
913,X0074,rs62070016
914,X0074,rs79045038
915,X0074,rs79661460
916,X0075,rs74093732
917,X0075,rs116564792
918,X0075,rs115706318
919,X0075,rs6820069
920,X0075,rs78811453
921,X0075,rs72821574
922,X0075,rs75886551
923,X0075,rs117336177
924,X0075,rs4877801
925,X0075,rs78529194
926,X0075,rs73037948
927,X0075,rs117624816
928,X0075,rs117181604
929,X0075,rs117023793
930,X0075,rs8044050
931,X0075,rs117320784
932,X0076,rs114517646
933,X0076,rs12403995
934,X0076,rs72770140
935,X0076,rs77678215
936,X0076,rs10022787
937,X0076,rs74840523
938,X0076,rs114659777
939,X0076,rs75262317
940,X0076,rs74343026
941,X0076,rs7028529
942,X0076,rs2237897
943,X0076,rs118177694
944,X0076,rs118052578
945,X0076,rs76191003
946,X0076,rs117101324
947,X0077,rs78471656
948,X0077,rs114198037
949,X0077,rs116018140
950,X0077,rs78367857
951,X0077,rs78766240
952,X0077,rs73050577
953,X0077,rs116186330
954,X0077,rs113308315
955,X0077,rs118182320
956,X0077,rs117500008
957,X0077,rs141527659
958,X0077,rs157079
959,X0077,rs116299775
960,X0077,rs117411365
961,X0077,rs77080457
962,X0077,rs112962238
963,X0077,rs75036812
964,X0078,rs17684029
965,X0078,rs116078501
966,X0078,rs138585571
967,X0078,rs115673556
968,X0078,rs77311400
969,X0078,rs62502258
970,X0078,rs17103138
971,X0078,rs71454665
972,X0078,rs79663105
973,X0078,rs78954774
974,X0078,rs117655850
975,X0079,rs35988099
976,X0079,rs10923931
977,X0079,rs4648
978,X0079,rs75601073
979,X0079,rs12475176
980,X0079,rs62243877
981,X0079,rs62432529
982,X0079,rs79686877
983,X0079,rs34979634
984,X0079,rs12154761
985,X0079,rs117744271
986,X0079,rs17186334
987,X0079,rs113989315
988,X0079,rs10511598
989,X0079,rs76745078
990,X0079,rs12898290
991,X0079,rs17831506
992,X0079,rs17674099
993,X0079,rs118053201
994,X0079,rs111720385
995,X0079,rs17229494
996,X0079,rs117678708
997,X0080,rs35037499
998,X0080,rs17476187
999,X0080,rs115578729
1000,X0080,rs112671876
1001,X0080,rs41527949
1002,X0080,rs77345130
1003,X0080,rs289004
1004,X0080,rs75222804
1005,X0080,rs80237806
1006,X0080,rs9369072
1007,X0080,rs62414823
1008,X0080,rs76594396
1009,X0080,rs1905321
1010,X0080,rs17237902
1011,X0080,rs16920433
1012,X0080,rs117050257
1013,X0080,rs17722134
1014,X0080,rs17609368
1015,X0080,rs117460072
1016,X0080,rs62002515
1017,X0080,rs4783278
1018,X0081,rs114741897
1019,X0081,rs36024204
1020,X0081,rs116660070
1021,X0081,rs76770395
1022,X0081,rs117708929
1023,X0081,rs117809070
1024,X0081,rs77959025
1025,X0081,rs116961907
1026,X0081,rs117673410
1027,X0081,rs118133890
1028,X0082,rs111964182
1029,X0082,rs115555031
1030,X0082,rs116797017
1031,X0082,rs9835928
1032,X0082,rs115741020
1033,X0082,rs35612407
1034,X0082,rs35620136
1035,X0082,rs138522855
1036,X0082,rs79560598
1037,X0082,rs76099073
1038,X0082,rs853896
1039,X0082,rs34454471
1040,X0082,rs17443266
1041,X0082,rs118001455
1042,X0082,rs74850597
1043,X0082,rs79549931
1044,X0082,rs117647575
1045,X0083,rs116578934
1046,X0083,rs80249880
1047,X0083,rs72991078
1048,X0083,rs73020465
1049,X0083,rs78687901
1050,X0083,rs13105680
1051,X0083,rs115957279
1052,X0083,rs118073826
1053,X0083,rs117626347
1054,X0083,rs117693426
1055,X0083,rs117073822
1056,X0083,rs189013090
1057,X0083,rs76287751
1058,X0084,rs3806175
1059,X0084,rs80337366
1060,X0084,rs78446584
1061,X0084,rs78156933
1062,X0084,rs62366280
1063,X0084,rs78605737
1064,X0084,rs7794335
1065,X0084,rs11767851
1066,X0084,rs74767006
1067,X0084,rs73093398
1068,X0084,rs16892807
1069,X0084,rs72778328
1070,X0084,rs4282914
1071,X0084,rs55708186
1072,X0084,rs72718577
1073,X0084,rs79925068
1074,X0084,rs12925413
1075,X0084,rs17138899
1076,X0084,rs4800316
1077,X0084,rs227882
1078,X0084,rs869708
1079,X0085,rs76814966
1080,X0085,rs117792957
1081,X0085,rs116431701
1082,X0085,rs76194019
1083,X0085,rs55777179
1084,X0085,rs77603112
1085,X0086,rs10493807
1086,X0086,rs116394723
1087,X0086,rs1622289
1088,X0086,rs10962088
1089,X0086,rs1071265
1090,X0086,rs117759827
1091,X0086,rs75367305
1092,X0086,rs612260
1093,X0087,rs79142871
1094,X0087,rs115936056
1095,X0087,rs75621054
1096,X0087,rs116045601
1097,X0087,rs75238399
1098,X0087,rs72955118
1099,X0087,rs143474708
1100,X0087,rs28534493
1101,X0087,rs114414817
1102,X0087,rs117293402
1103,X0087,rs72756269
1104,X0087,rs61849693
1105,X0087,rs117398912
1106,X0087,rs117997774
1107,X0087,rs76450399
1108,X0087,rs4238083
1109,X0087,rs75489010
1110,X0087,rs117669821
1111,X0087,rs691655
1112,X0087,rs16977508
1113,X0087,rs58563355
1114,X0087,rs143813799
1115,X0087,rs72874026
1116,X0087,rs117531393
1117,X0087,rs77126375
1118,X0087,rs117270429
1119,X0088,rs114425738
1120,X0088,rs145629243
1121,X0088,rs117071818
1122,X0088,rs75779669
1123,X0088,rs117488235
1124,X0088,rs78060082
1125,X0088,rs61868799
1126,X0088,rs78275090
1127,X0088,rs72799290
1128,X0089,rs72730448
1129,X0089,rs116447103
1130,X0089,rs115511239
1131,X0089,rs3731189
1132,X0089,rs77550735
1133,X0089,rs115811434
1134,X0089,rs116557628
1135,X0089,rs79489220
1136,X0089,rs117415762
1137,X0089,rs55684811
1138,X0089,rs113197211
1139,X0089,rs62036855
1140,X0089,rs77800959
1141,X0090,rs35556400
1142,X0090,rs2234962
1143,X0091,rs11584120
1144,X0091,rs1912126
1145,X0091,rs73049732
1146,X0091,rs114277376
1147,X0091,rs116407570
1148,X0091,rs76710341
1149,X0091,rs72772859
1150,X0091,rs11190812
1151,X0091,rs78018806
1152,X0091,rs78236847
1153,X0091,rs78775229
1154,X0091,rs17887018
1155,X0092,rs61786357
1156,X0092,rs78442748
1157,X0092,rs10232170
1158,X0092,rs2297603
1159,X0092,rs10905279
1160,X0092,rs2862614
1161,X0092,rs4906356
1162,X0092,rs9902235
1163,X0093,rs75722236
1164,X0093,rs6698528
1165,X0093,rs76503726
1166,X0093,rs35060747
1167,X0093,rs72802696
1168,X0093,rs75781704
1169,X0093,rs77224425
1170,X0093,rs117564322
1171,X0093,rs112971323
1172,X0093,rs10415889
1173,X0094,rs77165959
1174,X0094,rs115065086
1175,X0094,rs17665462
1176,X0094,rs112509438
1177,X0094,rs185190675
1178,X0094,rs112534819
1179,X0094,rs80123541
1180,X0094,rs117984108
1181,X0094,rs72745135
1182,X0094,rs76605533
1183,X0094,rs76761043
1184,X0094,rs9936351
1185,X0094,rs201918052
1186,X0094,rs117242132
1187,X0094,rs78723535
1188,X0094,rs118112796
1189,X0094,rs111772174
1190,X0094,rs73149254
1191,X0095,rs72732436
1192,X0095,rs72742683
1193,X0095,rs116063918
1194,X0095,rs10485941
1195,X0095,rs34507830
1196,X0095,rs117409850
1197,X0095,rs117231330
1198,X0095,rs36097565
1199,X0096,rs7543130
1200,X0097,rs28485419
1201,X0097,rs1887631
1202,X0097,rs79673927
1203,X0097,rs1568356
1204,X0097,Affx-26917190
1205,X0097,rs41289279
1206,X0097,rs61862866
1207,X0097,rs2469887
1208,X0097,rs7237422
1209,X0097,rs6072869
1210,X0098,rs114262607
1211,X0098,rs75631105
1212,X0098,rs118030566
1213,X0098,rs7865516
1214,X0098,rs36118983
1215,X0098,rs75289085
1216,X0098,rs77441939
1217,X0098,rs73177040
1218,X0099,rs4590689
1219,X0099,rs10983320
1220,X0099,rs10760442
1221,X0100,rs112473686
1222,X0100,rs11572671
1223,X0100,rs77271258
1224,X0100,rs75579756
1225,X0100,rs7634487
1226,X0100,rs35348828
1227,X0100,rs74284780
1228,X0100,rs114752366
1229,X0100,rs2174550
1230,X0100,rs117940740
1231,X0100,rs116855070
1232,X0100,rs1548764
1233,X0100,rs78497692
1234,X0100,rs11506819
1235,X0100,rs117097688
1236,X0100,rs61876800
1237,X0100,rs75363726
1238,X0100,rs75562644
1239,X0100,rs17070605
1240,X0100,rs74635668
1241,X0100,rs62007678
1242,X0100,rs112232665
1243,X0100,rs7179400
1244,X0100,rs74934799
1245,X0100,rs80008812
1246,X0100,rs74823263
1247,X0101,rs2335077
1248,X0101,rs78371551
1249,X0101,rs76138999
1250,X0101,rs77375314
1251,X0101,rs12823357
1252,X0101,rs11638390
1253,X0101,rs12978748
1254,X0102,rs76335573
1255,X0102,rs10999556
1256,X0102,rs77657273
1257,X0102,rs61988316
1258,X0102,rs116954357
1259,X0103,rs4915077
1260,X0103,rs7574865
1261,X0103,rs1838554
1262,X0103,rs10517086
1263,X0103,rs3093023
1264,X0103,rs6586
1265,X0103,rs11593907
1266,X0103,rs4409785
1267,X0103,rs7488011
1268,X0103,rs12101261
1269,X0103,rs4338740
1270,X0103,rs1007458
1271,X0103,rs229541
1272,X0104,rs6698843
1273,X0104,rs1367117
1274,X0104,rs2954038
1275,X0104,rs964184
1276,X0104,rs2000999
1277,X0105,rs140584594
1278,X0105,rs11175997
1279,X0106,rs78007825
1280,X0106,rs75568402
1281,X0106,rs115020061
1282,X0106,rs77471165
1283,X0106,rs77434118
1284,X0106,rs75964673
1285,X0106,rs116660079
1286,X0106,rs78381698
1287,X0106,rs114859313
1288,X0106,rs72822535
1289,X0106,rs2496644
1290,X0106,rs75245088
1291,X0106,rs116976641
1292,X0106,rs74976411
1293,X0106,rs76670418
1294,X0106,rs76308827
1295,X0106,rs10108669
1296,X0106,rs73387635
1297,X0106,rs111936470
1298,X0106,rs59218290
1299,X0106,rs12582852
1300,X0106,rs117802803
1301,X0106,rs117492744
1302,X0106,rs75334015
1303,X0106,rs72845883
1304,X0106,rs34740499
1305,X0106,rs12972378
1306,X0106,rs76697503
1307,X0106,rs17272021
1308,X0106,rs9617470
1309,X0107,rs2476601
1310,X0108,rs1217401
1311,X0108,rs2111485
1312,X0108,rs11707807
1313,X0108,rs7655751
1314,X0108,rs654537
1315,X0108,rs9366078
1316,X0108,rs925489
1317,X0108,rs7323885
1318,X0109,rs115725122
1319,X0109,rs76328823
1320,X0109,rs34463898
1321,X0109,rs75033941
1322,X0109,rs2804609
1323,X0109,rs78321382
1324,X0109,rs117704155
1325,X0109,rs77457385
1326,X0109,rs117891146
1327,X0109,rs79204427
1328,X0109,rs73156729
1329,X0110,rs10480
1330,X0110,rs78516619
1331,X0110,rs6025
1332,X0110,rs57584581
1333,X0110,rs77727170
1334,X0110,rs72658822
1335,X0110,rs17867771
1336,X0110,rs12539417
1337,X0110,rs77119043
1338,X0110,rs74664674
1339,X0110,rs71522756
1340,X0110,rs117869101
1341,X0110,rs150097632
1342,X0111,rs41308401
1343,X0111,rs114164869
1344,X0111,rs62266819
1345,X0111,rs113674276
1346,X0111,rs13152134
1347,X0111,rs76087002
1348,X0111,rs17433526
1349,X0111,rs113603971
1350,X0111,rs79203142
1351,X0111,rs11044722
1352,X0111,rs76595471
1353,X0111,rs12308914
1354,X0111,rs118081779
1355,X0111,Affx-12152382
1356,X0111,rs11644694
1357,X0111,rs114144436
1358,X0111,rs78289709
1359,X0111,rs118021477
1360,X0112,rs7007
1361,X0112,rs9313772
1362,X0112,rs73099187
1363,X0112,rs10849937
1364,X0112,rs7316650
1365,X0112,rs17650376
1366,X0112,rs112049532
1367,X0113,rs12123821
1368,X0113,rs56201661
1369,X0113,rs78414518
1370,X0114,rs77994623
1371,X0114,rs35835288
1372,X0114,rs1561198
1373,X0114,rs72932557
1374,X0114,rs79893749
1375,X0114,rs3731544
1376,X0114,rs16998073
1377,X0114,rs1434536
1378,X0114,rs9349379
1379,X0114,rs223295
1380,X0114,rs10226228
1381,X0114,rs73225862
1382,X0114,rs16931322
1383,X0114,rs2154401
1384,X0114,rs1412444
1385,X0114,rs4752700
1386,X0114,rs15818
1387,X0114,rs11600200
1388,X0114,rs7333607
1389,X0114,rs9521632
1390,X0114,rs2929155
1391,X0114,rs73015720
1392,X0114,rs73045269
1393,X0114,rs236720
1394,X0114,rs9982601
1395,X0115,rs905938
1396,X0115,rs4636294
1397,X0115,rs10859995
1398,X0116,rs760077
1399,X0116,rs3843518
1400,X0116,rs10974900
1401,X0117,rs2236602
1402,X0117,rs59104984
1403,X0117,rs78046234
1404,X0117,rs17237098
1405,X0117,rs75128058
1406,X0117,rs17783658
1407,X0117,rs11985641
1408,X0117,rs117297586
1409,X0117,rs12056809
1410,X0117,rs2927021
1411,X0117,rs62572751
1412,X0117,rs74146301
1413,X0117,rs3793891
1414,X0117,rs61869920
1415,X0117,rs80202445
1416,X0117,rs73025756
1417,X0117,rs12101657
1418,X0117,rs28459416
1419,X0117,rs117153386
1420,X0117,rs117504245
1421,X0117,rs2829949
1422,X0118,rs72712141
1423,X0118,rs77620323
1424,X0118,rs77411293
1425,X0118,rs76822207
1426,X0118,rs117451751
1427,X0119,rs115759551
1428,X0119,rs116073216
1429,X0119,rs112225386
1430,X0119,rs73181128
1431,X0119,rs78862578
1432,X0119,rs74276156
1433,X0120,rs16838078
1434,X0120,rs75239648
1435,X0120,rs72788536
1436,X0120,rs11571358
1437,X0121,rs75730783
1438,X0121,rs13137792
1439,X0121,rs17513600
1440,X0121,rs73007766
1441,X0121,rs34393743
1442,X0121,rs12411865
1443,X0121,rs73040424
1444,X0121,rs1799782
1445,X0121,rs79968837
1446,X0122,rs7521578
1447,X0122,rs77620456
1448,X0122,rs76361614
1449,X0122,rs72833065
1450,X0122,rs17423218
1451,X0122,rs45559032
1452,X0122,rs187353341
1453,X0122,rs55722931
1454,X0122,rs76475900
1455,X0123,rs2121477
1456,X0123,rs62272818
1457,X0123,rs4864469
1458,X0123,rs76498519
1459,X0123,rs114800680
1460,X0123,rs114418084
1461,X0123,rs769686
1462,X0123,rs116111989
1463,X0123,rs116458312
1464,X0123,rs118077967
1465,X0123,rs61864429
1466,X0123,rs7309269
1467,X0123,rs9549345
1468,X0123,rs11913358
1469,X0124,rs76959518
1470,X0124,rs61791114
1471,X0124,rs75363655
1472,X0124,rs2605240
1473,X0124,rs114257644
1474,X0124,rs116495174
1475,X0124,rs62373905
1476,X0124,rs117291711
1477,X0124,rs117352425
1478,X0124,rs72939083
1479,X0124,rs117399901
1480,X0124,rs62237594
1481,X0124,rs17003074
1482,X0125,rs11579060
1483,X0125,rs78889204
1484,X0125,rs75495843
1485,X0125,rs35597977
1486,X0125,rs12231974
1487,X0125,rs79214645
1488,X0125,rs34835292
1489,X0126,rs115705830
1490,X0126,rs114835835
1491,X0126,rs118068306
1492,X0126,rs73250776
1493,X0126,rs72677506
1494,X0126,rs114752401
1495,X0126,rs62341268
1496,X0126,rs117192105
1497,X0126,rs76153552
1498,X0126,rs192884195
1499,X0126,rs117841971
1500,X0126,rs12791469
1501,X0126,rs117458579
1502,X0126,rs1291621
1503,X0126,rs117862559
1504,X0127,rs76072566
1505,X0127,rs62141428
1506,X0127,rs116256340
1507,X0127,rs12649659
1508,X0127,rs78723060
1509,X0127,rs13266556
1510,X0127,rs803927
1511,X0127,rs11217762
1512,X0127,rs78683487
1513,X0127,rs113865542
1514,X0127,rs62072914
1515,X0127,rs1982602
1516,X0127,rs62221577
1517,X0127,rs74754583
1518,X0128,rs12069336
1519,X0128,rs588779
1520,X0128,rs1813160
1521,X0128,rs75204950
1522,X0128,rs1158656
1523,X0128,rs2940479
1524,X0128,rs6928849
1525,X0128,rs7855757
1526,X0128,rs1687727
1527,X0128,rs76488452
1528,X0128,rs72831252
1529,X0128,rs57157811
1530,X0128,rs56308049
1531,X0128,rs1573706
1532,X0128,rs5748415
1533,X0129,rs114786810
1534,X0129,rs72907101
1535,X0129,rs34803930
1536,X0129,rs45552035
1537,X0129,rs111965080
1538,X0129,rs11703595
1539,X0129,rs17648606
1540,X0130,rs4656461
1541,X0130,rs13061527
1542,X0130,rs6811851
1543,X0130,rs916977
1544,X0131,rs11579152
1545,X0131,rs75030245
1546,X0131,rs11721654
1547,X0131,rs11250485
1548,X0131,rs7073278
1549,X0131,rs73201485
1550,X0131,rs77855512
1551,X0131,rs80084511
1552,X0132,rs74843345
1553,X0132,rs116998110
1554,X0132,rs118008540
1555,X0132,rs76086850
1556,X0132,rs75435968
1557,X0132,rs77322120
1558,X0132,rs76084488
1559,X0132,rs7190199
1560,X0132,rs117898212
1561,X0132,rs77307613
1562,X0132,rs2823752
1563,X0133,rs7536740
1564,X0133,rs17636747
1565,X0133,rs114719950
1566,X0133,rs77960981
1567,X0133,rs62295986
1568,X0133,rs77525326
1569,X0133,rs4831269
1570,X0133,rs75006910
1571,X0133,rs72748988
1572,X0133,rs2250422
1573,X0133,rs117127635
1574,X0134,rs72704010
1575,X0134,rs9994162
1576,X0134,rs75205007
1577,X0134,rs11758945
1578,X0134,rs117413168
1579,X0134,rs73338448
1580,X0134,rs73195295
1581,X0134,rs62235996
1582,X0135,rs4656682
1583,X0135,rs2066865
1584,X0135,rs2289252
1585,X0136,rs2213866
1586,X0136,rs3853445
1587,X0136,rs1593
1588,X0136,rs8176742
1589,X0136,rs56103207
1590,X0137,rs114113732
1591,X0137,rs78755596
1592,X0137,rs78807356
1593,X0137,rs12892019
1594,X0138,rs111751241
1595,X0138,rs72704332
1596,X0138,rs75893551
1597,X0138,rs78716205
1598,X0139,rs12074980
1599,X0139,rs80319776
1600,X0139,rs113319671
1601,X0139,rs17829979
1602,X0139,rs116509458
1603,X0139,rs79075617
1604,X0139,rs113118439
1605,X0139,rs74840965
1606,X0139,rs77205825
1607,X0139,rs111504720
1608,X0140,rs114450019
1609,X0140,rs79616469
1610,X0140,rs115135582
1611,X0140,rs12186945
1612,X0140,rs13154291
1613,X0140,rs11760220
1614,X0140,rs9531710
1615,X0140,rs61976746
1616,X0141,rs17587640
1617,X0141,rs6803875
1618,X0141,rs611914
1619,X0141,rs73868774
1620,X0141,rs76174256
1621,X0141,rs76528505
1622,X0141,rs17008850
1623,X0141,rs4865860
1624,X0141,rs17504301
1625,X0141,rs16890376
1626,X0141,rs7767775
1627,X0141,rs17532397
1628,X0141,rs12545092
1629,X0141,rs4416828
1630,X0141,rs2570159
1631,X0141,rs72737088
1632,X0141,rs7038114
1633,X0141,rs72752974
1634,X0141,rs16937124
1635,X0141,rs117309988
1636,X0141,rs10835606
1637,X0141,rs521898
1638,X0141,rs111969502
1639,X0141,rs76928565
1640,X0141,rs35420030
1641,X0141,rs34952337
1642,X0141,rs117604355
1643,X0141,rs74618301
1644,X0141,rs72839985
1645,X0141,rs79286341
1646,X0142,rs7418032
1647,X0142,rs114239030
1648,X0142,rs56890907
1649,X0142,rs116775899
1650,X0142,rs72799335
1651,X0142,rs6934690
1652,X0142,rs116955587
1653,X0142,rs17235038
1654,X0142,rs5744807
1655,X0142,rs116971837
1656,X0142,rs11652121
1657,X0142,rs118118953
1658,X0143,rs115263666
1659,X0143,rs4632337
1660,X0143,rs79156452
1661,X0143,rs115717162
1662,X0143,rs115352742
1663,X0143,rs17797221
1664,X0143,rs34634894
1665,X0143,rs55812591
1666,X0144,rs10801555
1667,X0144,rs13133181
1668,X0144,rs3842752
1669,X0144,rs219776
1670,X0145,rs72744984
1671,X0145,rs114653669
1672,X0145,rs72747768
1673,X0145,rs115747344
1674,X0145,rs78638822
1675,X0145,rs111576115
1676,X0145,rs78554755
1677,X0145,rs1431856
1678,X0145,rs73217910
1679,X0145,rs117530360
1680,X0145,rs112090150
1681,X0146,rs41306231
1682,X0146,rs76069769
1683,X0146,rs74608138
1684,X0146,rs79563551
1685,X0146,rs114188741
1686,X0146,rs76730187
1687,X0146,rs116701803
1688,X0146,rs74635050
1689,X0146,rs115821935
1690,X0146,rs6983561
1691,X0146,rs16893349
1692,X0146,rs72746681
1693,X0146,rs75703265
1694,X0146,rs61913987
1695,X0146,rs77224575
1696,X0146,rs80002652
1697,X0146,rs117029977
1698,X0146,rs73172251
1699,X0146,rs79694611
1700,X0146,rs12896812
1701,X0146,rs113652541
1702,X0146,rs116876575
1703,X0147,rs12141644
1704,X0147,rs11035356
1705,X0147,rs61919599
1706,X0147,rs1926464
1707,X0147,rs12430240
1708,X0147,rs117473873
1709,X0147,rs1178422
1710,X0147,rs34826591
1711,X0147,rs117000465
1712,X0148,rs116995606
1713,X0148,rs114049903
1714,X0148,rs11124622
1715,X0148,rs116600709
1716,X0148,rs13251303
1717,X0148,rs76718115
1718,X0148,rs79918060
1719,X0148,rs797495
1720,X0148,rs79120241
1721,X0148,rs11645236
1722,X0148,rs77196615
1723,X0149,rs11240754
1724,X0149,rs62258054
1725,X0149,rs646506
1726,X0149,rs2023523
1727,X0149,rs9650068
1728,X0149,rs10795668
1729,X0149,rs35283305
1730,X0149,rs4939827
1731,X0149,rs72943036
1732,X0149,rs1570027
1733,X0150,rs72753808
1734,X0150,rs116701331
1735,X0150,rs7569072
1736,X0150,rs75548506
1737,X0150,rs73116718
1738,X0150,rs114590113
1739,X0150,rs78840173
1740,X0150,rs116568601
1741,X0150,rs116730223
1742,X0150,rs12521584
1743,X0150,rs77378764
1744,X0150,rs35539056
1745,X0150,rs115624078
1746,X0150,rs118083488
1747,X0150,rs62471875
1748,X0150,rs72795726
1749,X0150,rs72824489
1750,X0150,rs78760219
1751,X0150,rs7936890
1752,X0150,rs7307123
1753,X0150,rs75047119
1754,X0150,rs147138724
1755,X0150,rs117466338
1756,X0150,rs113512172
1757,X0150,rs73154143
1758,X0150,rs117641416
1759,X0151,rs3024505
1760,X0151,rs17622656
1761,X0151,rs2075710
1762,X0152,rs74156047
1763,X0152,rs114383600
1764,X0152,rs118036720
1765,X0152,rs11822525
1766,X0152,rs188448092
1767,X0152,rs8007689
1768,X0152,rs118183808
1769,X0152,rs78405110
1770,X0152,rs118190886
1771,X0152,rs117172015
1772,X0153,rs114864186
1773,X0153,rs116097603
1774,X0153,rs115073616
1775,X0153,rs148691683
1776,X0153,rs55715455
1777,X0153,rs17244432
1778,X0153,rs526433
1779,X0153,rs17102257
1780,X0153,rs72728293
1781,X0153,rs118118740
1782,X0153,rs56190744
1783,X0154,rs35706810
1784,X0154,rs115457615
1785,X0154,rs12478336
1786,X0154,rs116839510
1787,X0154,rs115081579
1788,X0154,rs17151324
1789,X0154,rs73180559
1790,X0154,rs80106031
1791,X0154,rs114419204
1792,X0154,rs2663357
1793,X0154,rs8127967
1794,X0154,rs74203920
1795,X0155,rs72745400
1796,X0155,rs76150537
1797,X0155,rs74378727
1798,X0155,rs79055996
1799,X0155,rs80228232
1800,X0155,rs117346609
1801,X0155,Affx-52173688
1802,X0155,rs76037241
1803,X0155,rs75603868
1804,X0155,rs76486638
1805,X0155,rs11697196
1806,X0155,rs17461766
1807,X0156,rs78049208
1808,X0156,rs115594565
1809,X0156,rs186868868
1810,X0156,rs117873316
1811,X0156,rs116929209
1812,X0156,rs78199931
1813,X0156,rs117568221
1814,X0156,rs78425542
1815,X0156,rs77682898
1816,X0157,rs259479
1817,X0157,rs13320408
1818,X0157,rs117863381
1819,X0157,rs111451951
1820,X0157,rs117982023
1821,X0157,rs73166458
1822,X0157,rs79839650
1823,X0157,rs76954458
1824,X0158,rs4846567
1825,X0159,rs1539454
1826,X0159,rs79677038
1827,X0159,rs55812387
1828,X0159,rs17608585
1829,X0159,rs41314988
1830,X0159,rs2233070
1831,X0159,rs75034815
1832,X0160,rs17010785
1833,X0160,rs72765334
1834,X0160,rs11884506
1835,X0160,rs11891674
1836,X0160,rs59735097
1837,X0160,rs1531046
1838,X0160,rs12515891
1839,X0160,rs4794846
1840,X0160,rs74880545
1841,X0161,rs112833835
1842,X0161,rs3732064
1843,X0161,rs75293791
1844,X0161,rs77817374
1845,X0161,rs114956680
1846,X0161,rs115281334
1847,X0161,rs76338037
1848,X0161,rs114906368
1849,X0161,rs35650677
1850,X0161,rs115898927
1851,X0161,rs118181102
1852,X0161,rs118101200
1853,X0161,rs80002115
1854,X0161,rs77090488
1855,X0161,rs9652781
1856,X0161,rs116920450
1857,X0161,rs78958855
1858,X0161,rs7265420
1859,X0161,rs118137384
1860,X0161,rs201564772
1861,X0162,rs6656088
1862,X0162,rs72790077
1863,X0162,rs73184024
1864,X0162,rs76966743
1865,X0162,rs12189703
1866,X0162,rs79531373
1867,X0162,rs75941567
1868,X0162,rs5743292
1869,X0162,rs117513935
1870,X0163,rs77135516
1871,X0163,rs78896389
1872,X0163,rs75881054
1873,X0163,rs79963032
1874,X0163,rs74361281
1875,X0163,rs117704944
1876,X0164,rs28359571
1877,X0164,rs114026882
1878,X0164,rs116367285
1879,X0164,rs79224527
1880,X0164,rs72770940
1881,X0164,rs112957164
1882,X0164,rs6949211
1883,X0164,rs76672975
1884,X0164,rs118035149
1885,X0164,rs74606055
1886,X0164,rs2417373
1887,X0164,rs73141422
1888,X0164,rs148517668
1889,X0164,rs79583112
1890,X0164,rs117458067
1891,X0164,rs77859761
1892,X0165,rs116716590
1893,X0165,rs74367560
1894,X0165,rs78613695
1895,X0165,rs73167108
1896,X0165,rs79034905
1897,X0165,rs115154496
1898,X0165,rs117144268
1899,X0165,rs118156051
1900,X0165,rs118048884
1901,X0165,rs72655652
1902,X0165,rs76719755
1903,X0165,rs116983056
1904,X0166,rs75444639
1905,X0166,rs114388623
1906,X0166,rs16988500
1907,X0166,rs78715503
1908,X0166,rs114281340
1909,X0166,rs147683846
1910,X0166,rs117040525
1911,X0166,rs117471497
1912,X0167,rs116611433
1913,X0167,rs35661976
1914,X0167,rs79638442
1915,X0167,rs17819756
1916,X0167,rs75095063
1917,X0167,rs117802660
1918,X0168,rs10910388
1919,X0168,rs6704689
1920,X0168,rs10472291
1921,X0168,rs1541519
1922,X0168,rs2231687
1923,X0168,rs7250689
1924,X0168,rs7281388
1925,X0169,rs77644898
1926,X0169,rs56207248
1927,X0169,rs116243243
1928,X0169,rs75754936
1929,X0169,rs62446123
1930,X0169,rs10226831
1931,X0169,rs7810984
1932,X0169,rs17066040
1933,X0169,rs10441511
1934,X0169,rs117127725
1935,X0169,rs117646115
1936,X0169,rs984001
1937,X0169,rs72831785
1938,X0169,rs61901649
1939,X0169,rs117091075
1940,X0169,rs1261741
1941,X0170,rs78555861
1942,X0170,rs12616962
1943,X0170,rs77492256
1944,X0170,rs79962977
1945,X0170,rs112556867
1946,X0170,rs76014476
1947,X0170,rs73388874
1948,X0170,rs74112468
1949,X0170,rs61992823
1950,X0170,rs8088922
1951,X0170,rs1899875
1952,X0171,rs74582590
1953,X0171,rs71435583
1954,X0171,rs78265967
1955,X0171,rs17450512
1956,X0171,rs116161699
1957,X0171,rs77955651
1958,X0171,rs16910714
1959,X0171,rs12779371
1960,X0171,rs12412193
1961,X0171,rs74048198
1962,X0171,rs117559199
1963,X0171,rs6492255
1964,X0171,rs12460850
1965,X0171,rs78517764
1966,X0172,rs4149909
1967,X0172,rs9420907
1968,X0172,rs74911261
1969,X0173,rs76712070
1970,X0173,rs11710967
1971,X0173,rs13117803
1972,X0173,rs78912274
1973,X0173,rs11032483
1974,X0173,rs17096606
1975,X0173,rs3933766
1976,X0173,rs55786559
1977,X0173,rs2048485
1978,X0174,rs114495629
1979,X0174,rs74726954
1980,X0174,rs16889916
1981,X0174,rs74349534
1982,X0174,rs117593677
1983,X0174,rs73045775
1984,X0174,rs76246633
1985,X0174,rs61754763
1986,X0175,rs62106258
1987,X0175,rs13393304
1988,X0175,rs9821675
1989,X0175,rs1364063
1990,X0176,rs114609132
1991,X0176,rs77795656
1992,X0176,rs74765593
1993,X0176,rs114803361
1994,X0176,rs13169004
1995,X0176,rs116922703
1996,X0176,rs6971778
1997,X0176,rs6949729
1998,X0176,rs75417855
1999,X0176,rs75015734
2000,X0176,rs77821460
2001,X0176,rs1387718
2002,X0176,rs117259901
2003,X0176,rs17382908
2004,X0177,rs115896270
2005,X0177,rs77169098
2006,X0177,rs73030540
2007,X0177,rs77700287
2008,X0177,rs111726812
2009,X0177,rs79767168
2010,X0177,rs111571219
2011,X0177,rs59251082
2012,X0177,rs73313995
2013,X0177,rs117636037
2014,X0178,rs114076351
2015,X0178,rs72718363
2016,X0178,rs13182752
2017,X0178,rs78294386
2018,X0178,rs117091826
2019,X0178,rs117089640
2020,X0178,rs117478093
2021,X0178,rs151037173
2022,X0178,rs17513895
2023,X0179,rs1686497
2024,X0179,rs7651090
2025,X0179,rs4689381
2026,X0179,rs7695115
2027,X0179,rs1789891
2028,X0179,rs35658696
2029,X0179,rs2206734
2030,X0179,rs1361108
2031,X0179,rs849134
2032,X0179,rs7018475
2033,X0179,rs67199640
2034,X0179,rs7896600
2035,X0179,rs703965
2036,X0179,rs7903146
2037,X0179,rs2237895
2038,X0179,rs10830963
2039,X0179,rs4804833
2040,X0180,rs114473650
2041,X0180,rs112411280
2042,X0180,rs3769477
2043,X0180,rs73023170
2044,X0180,rs12500058
2045,X0180,rs116710163
2046,X0180,rs12154208
2047,X0180,rs76188673
2048,X0180,rs17250031
2049,X0180,rs12342947
2050,X0180,rs74776058
2051,X0180,rs10973964
2052,X0180,rs78284770
2053,X0180,rs118036322
2054,X0180,rs770764
2055,X0181,rs114592654
2056,X0181,rs78538921
2057,X0181,rs74367134
2058,X0181,rs62477606
2059,X0181,rs1243507
2060,X0181,rs117549422
2061,X0182,rs62133575
2062,X0182,rs17738750
2063,X0182,rs73210044
2064,X0182,rs72869965
2065,X0183,rs9306894
2066,X0183,rs1247943
2067,X0184,rs114036970
2068,X0184,rs75210356
2069,X0184,rs9845885
2070,X0184,rs73462996
2071,X0184,rs62501302
2072,X0184,rs17408309
2073,X0184,rs61854881
2074,X0184,rs215398
2075,X0185,rs79255123
2076,X0185,rs79736585
2077,X0185,rs73155954
2078,X0185,rs117209336
2079,X0185,rs118020484
2080,X0185,rs35053137
2081,X0186,rs72817538
2082,X0186,rs1229984
2083,X0187,rs1260326
2084,X0188,rs60129738
2085,X0188,rs77052778
2086,X0188,rs113602630
2087,X0188,rs79098343
2088,X0188,rs117877646
2089,X0188,rs74521173
2090,X0188,rs74588266
2091,X0188,rs56360506
2092,X0188,rs116962450
2093,X0188,rs116869561
2094,X0188,rs72781450
2095,X0188,rs75397367
2096,X0188,rs12943679
2097,X0188,rs17227203
2098,X0189,rs115037785
2099,X0189,rs112161290
2100,X0189,rs4468302
2101,X0189,rs117029533
2102,X0189,rs117082835
2103,X0190,rs10495783
2104,X0190,rs2760743
2105,X0191,rs7569074
2106,X0191,rs116580228
2107,X0191,rs34734558
2108,X0191,rs9327574
2109,X0191,rs13224671
2110,X0191,rs1889721
2111,X0191,rs117843447
2112,X0191,rs78825320
2113,X0192,rs77836103
2114,X0192,rs75985359
2115,X0192,rs116561927
2116,X0192,rs17050863
2117,X0192,rs114058084
2118,X0192,rs2968297
2119,X0192,rs114520588
2120,X0192,rs117487871
2121,X0192,rs112767144
2122,X0192,rs117556572
2123,X0192,rs75660786
2124,X0192,rs117207033
2125,X0192,rs117285773
2126,X0192,rs11705604
2127,X0193,rs2112095
2128,X0193,rs72817301
2129,X0193,rs76419373
2130,X0193,rs62262721
2131,X0193,rs78857545
2132,X0193,rs17043035
2133,X0193,rs114223527
2134,X0193,rs72878203
2135,X0193,rs3217863
2136,X0193,rs61921073
2137,X0193,rs45520142
2138,X0193,rs72684702
2139,X0193,rs17093520
2140,X0193,rs345166
2141,X0193,rs76151551
2142,X0193,rs74176255
2143,X0194,rs115190431
2144,X0194,rs55677935
2145,X0194,rs7088203
2146,X0194,rs11030711
2147,X0194,rs75132287
2148,X0195,rs1992284
2149,X0195,rs17072846
2150,X0195,rs1329530
2151,X0195,rs73198922
2152,X0195,rs17719860
2153,X0195,rs10819009
2154,X0195,rs2134039
2155,X0195,rs9300286
2156,X0195,rs17412357
2157,X0195,rs74088517
2158,X0195,rs77753228
2159,X0195,rs8107107
2160,X0195,rs9978888
2161,X0196,rs77059113
2162,X0196,rs2241160
2163,X0196,rs7596789
2164,X0196,rs3923113
2165,X0196,rs1597944
2166,X0196,rs11708067
2167,X0196,rs35690877
2168,X0196,rs10010131
2169,X0196,rs17168594
2170,X0196,rs515071
2171,X0196,rs3802177
2172,X0196,rs2383208
2173,X0196,rs2796441
2174,X0196,rs5015480
2175,X0196,rs7081062
2176,X0196,rs1359790
2177,X0196,rs1109630
2178,X0196,rs10408179
2179,X0197,rs57484362
2180,X0197,rs62314938
2181,X0197,rs10503951
2182,X0197,rs72655627
2183,X0197,rs1360809
2184,X0197,rs17528414
2185,X0197,rs80184563
2186,X0197,rs79665456
2187,X0198,rs17031488
2188,X0198,rs12538707
2189,X0198,rs34854328
2190,X0198,rs471364
2191,X0198,rs10426201
2192,X0199,Affx-20090007
2193,X0199,rs76245856
2194,X0199,rs28929474
2195,X0200,rs4245791
2196,X0200,rs2244608
2197,X0201,rs62135510
2198,X0201,rs79322857
2199,X0201,rs115011873
2200,X0201,rs73176713
2201,X0201,rs6155
2202,X0201,rs74342708
2203,X0201,rs479798
2204,X0201,rs78714084
2205,X0201,rs111958418
2206,X0201,rs12425131
2207,X0201,rs116932083
2208,X0201,rs10498548
2209,X0201,rs112817022
2210,X0202,rs17823065
2211,X0202,rs79025787
2212,X0202,rs3800962
2213,X0202,rs10885997
2214,X0202,rs67611724
2215,X0203,rs76863546
2216,X0203,rs148743497
2217,X0203,rs148838820
2218,X0203,rs77291344
2219,X0203,rs56098814
2220,X0203,rs143294703
2221,X0203,rs118124984
2222,X0203,rs77048935
2223,X0203,rs117251056
2224,X0203,rs10851371
2225,X0203,rs41512245
2226,X0204,rs74339132
2227,X0204,rs113542870
2228,X0204,rs76622691
2229,X0204,rs62387661
2230,X0204,rs79330198
2231,X0204,rs146131423
2232,X0204,rs76865013
2233,X0204,rs12772609
2234,X0205,rs61762670
2235,X0205,rs13096761
2236,X0205,rs79843152
2237,X0205,rs35144609
2238,X0205,rs115225351
2239,X0205,rs79948109
2240,X0205,rs111822562
2241,X0205,rs117620493
2242,X0205,rs117926607
2243,X0205,rs76909134
2244,X0205,rs34737133
2245,X0205,rs116877397
2246,X0205,rs74241297
2247,X0205,rs41284792
2248,X0205,rs76822006
2249,X0205,rs77760113
2250,X0205,rs117531052
2251,X0205,rs76276670
2252,X0206,rs10199082
2253,X0206,rs3757584
2254,X0206,rs17111
2255,X0207,rs3791679
2256,X0207,rs3858455
2257,X0208,rs75818885
2258,X0208,rs61736521
2259,X0209,rs77774752
2260,X0209,rs114028985
2261,X0209,rs111724274
2262,X0209,rs295130
2263,X0209,rs115302848
2264,X0209,rs115023769
2265,X0209,rs11134797
2266,X0209,rs74457967
2267,X0210,rs2678912
2268,X0210,rs79423523
2269,X0210,rs12997492
2270,X0210,rs73019330
2271,X0210,rs12613387
2272,X0210,rs170429
2273,X0210,rs80087214
2274,X0210,rs114122048
2275,X0210,rs72819829
2276,X0210,rs73556638
2277,X0210,rs75302082
2278,X0210,rs35587409
2279,X0210,rs117987208
2280,X0210,rs77665194
2281,X0210,rs28417927
2282,X0210,rs117001968
2283,X0210,rs8142548
2284,X0211,rs6546511
2285,X0211,rs4903813
2286,X0212,rs78227251
2287,X0212,rs28925904
2288,X0212,rs78428368
2289,X0212,rs11746865
2290,X0212,rs75015237
2291,X0212,rs2106212
2292,X0212,rs79858930
2293,X0212,rs117703456
2294,X0212,rs117206795
2295,X0212,rs181028361
2296,X0213,rs111715478
2297,X0213,rs77388539
2298,X0213,rs114519311
2299,X0213,rs118165959
2300,X0213,rs117366179
2301,X0213,rs116424300
2302,X0213,rs1175605
2303,X0213,rs117642191
2304,X0213,rs79015790
2305,X0213,rs17885543
2306,X0213,rs75153334
2307,X0213,rs118155371
2308,X0213,rs113797007
2309,X0213,rs61753150
2310,X0213,rs140112498
2311,X0214,rs112143646
2312,X0214,rs79523461
2313,X0214,rs78785836
2314,X0214,rs114478677
2315,X0214,rs260262
2316,X0214,rs35729753
2317,X0214,rs11108227
2318,X0214,rs28414670
2319,X0215,rs1420101
2320,X0215,rs4505848
2321,X0215,rs1898671
2322,X0215,rs2456973
2323,X0215,rs167769
2324,X0216,rs2160203
2325,X0216,rs1106639
2326,X0216,rs1837253
2327,X0216,rs343476
2328,X0216,rs1444782
2329,X0216,rs36045143
2330,X0217,rs6712932
2331,X0217,rs35458303
2332,X0217,rs62100766
2333,X0218,rs77053667
2334,X0218,rs74795443
2335,X0218,rs78882373
2336,X0218,rs74595671
2337,X0218,rs41291189
2338,X0218,rs116740811
2339,X0218,rs3828380
2340,X0218,rs35426951
2341,X0218,rs79837333
2342,X0218,rs10515552
2343,X0218,rs59355858
2344,X0218,rs13248406
2345,X0218,rs76662872
2346,X0218,rs16919333
2347,X0218,rs57551647
2348,X0218,rs34131676
2349,X0218,rs34026507
2350,X0218,rs17725000
2351,X0219,rs4449129
2352,X0219,rs860340
2353,X0219,rs79346880
2354,X0219,rs141727220
2355,X0219,rs12515737
2356,X0219,rs9373893
2357,X0219,rs80312606
2358,X0219,rs76335349
2359,X0219,rs7827317
2360,X0219,rs80124314
2361,X0219,rs75085362
2362,X0219,rs117513218
2363,X0219,rs11218051
2364,X0219,rs1388739
2365,X0219,rs117589273
2366,X0220,rs116332762
2367,X0220,rs112469508
2368,X0220,rs10758732
2369,X0220,rs41283728
2370,X0220,rs117064875
2371,X0220,rs17269740
2372,X0220,rs113495651
2373,X0221,rs114927259
2374,X0221,rs13061465
2375,X0221,rs78566849
2376,X0221,rs11752591
2377,X0221,rs9333182
2378,X0221,rs75356169
2379,X0221,rs201855
2380,X0221,rs74335365
2381,X0221,rs117650759
2382,X0221,rs910798
2383,X0222,rs114423144
2384,X0222,rs115860471
2385,X0222,rs114266608
2386,X0222,rs114097330
2387,X0222,rs116531279
2388,X0222,rs114925849
2389,X0222,rs72841201
2390,X0222,rs114979482
2391,X0222,rs116066300
2392,X0222,rs2040992
2393,X0222,rs56050610
2394,X0222,rs117956319
2395,X0222,rs55760117
2396,X0222,rs56269309
2397,X0222,rs17777854
2398,X0222,rs61744716
2399,X0222,rs80226779
2400,X0223,rs891524
2401,X0223,rs112941408
2402,X0223,rs12662228
2403,X0223,rs117754643
2404,X0223,rs206706
2405,X0223,rs35043422
2406,X0223,rs76653830
2407,X0224,rs72981070
2408,X0224,rs114101798
2409,X0224,rs79470404
2410,X0224,rs113278181
2411,X0224,rs16845887
2412,X0224,rs79526833
2413,X0224,rs989112
2414,X0224,rs16877816
2415,X0224,rs73090324
2416,X0224,rs1291837
2417,X0224,rs113223489
2418,X0225,rs77327606
2419,X0225,rs73178603
2420,X0225,rs35983068
2421,X0226,rs6751558
2422,X0226,rs1492848
2423,X0226,rs75617879
2424,X0226,rs72602052
2425,X0226,rs116369954
2426,X0226,rs78113488
2427,X0226,rs34422007
2428,X0226,rs28613901
2429,X0227,rs13413624
2430,X0227,rs6757751
2431,X0227,rs11719004
2432,X0227,rs35727241
2433,X0227,rs72755182
2434,X0227,rs111785014
2435,X0227,rs803788
2436,X0227,rs74252946
2437,X0227,rs77356619
2438,X0227,rs117069376
2439,X0227,rs113040104
2440,X0228,rs16849225
2441,X0228,rs13139571
2442,X0228,rs12524865
2443,X0228,rs526533
2444,X0228,rs11191580
2445,X0228,rs10895001
2446,X0228,rs2417820
2447,X0228,rs4767325
2448,X0228,rs1549306
2449,X0228,rs167479
2450,X0228,rs4809370
2451,X0229,rs115128825
2452,X0229,rs6746528
2453,X0229,rs116350627
2454,X0229,rs116409347
2455,X0229,rs79785533
2456,X0229,rs74376624
2457,X0229,rs182946095
2458,X0229,rs73143690
2459,X0229,rs117499721
2460,X0229,rs11867071
2461,X0229,rs117156109
2462,X0229,rs76966440
2463,X0229,rs479180
2464,X0230,rs68108873
2465,X0230,rs60123959
2466,X0230,rs34509109
2467,X0230,rs2981145
2468,X0230,rs79294293
2469,X0230,rs76919247
2470,X0230,rs78493974
2471,X0231,rs17817451
2472,X0231,rs115935509
2473,X0231,rs72956995
2474,X0231,rs62618757
2475,X0231,rs79969149
2476,X0232,rs114640135
2477,X0232,rs2290161
2478,X0232,rs76365676
2479,X0232,rs1117139
2480,X0232,rs71617099
2481,X0232,rs115380428
2482,X0232,rs285600
2483,X0232,rs76964416
2484,X0232,rs115604765
2485,X0232,rs117233030
2486,X0232,rs117405975
2487,X0232,rs117733335
2488,X0232,rs80150070
2489,X0232,rs12821981
2490,X0232,rs17040357
2491,X0232,rs4496023
2492,X0232,rs148060237
2493,X0232,rs138117236
2494,X0232,rs117932080
2495,X0232,rs118155463
2496,X0232,rs17561091
2497,X0232,rs79294993
2498,X0232,rs76456280
2499,X0233,rs17588027
2500,X0233,rs7279238
2501,X0234,rs6755097
2502,X0234,rs76027185
2503,X0235,rs10931936
2504,X0235,rs79500346
2505,X0236,rs231775
2506,X0236,rs7171171
2507,X0236,rs1893217
2508,X0237,rs114709725
2509,X0237,rs114361094
2510,X0237,rs919096
2511,X0237,rs114615367
2512,X0237,rs116995584
2513,X0237,rs77176328
2514,X0238,rs17219423
2515,X0238,rs79434560
2516,X0238,rs73918213
2517,X0238,rs11542187
2518,X0239,rs1505351
2519,X0239,rs76027228
2520,X0239,rs76809594
2521,X0240,rs72952664
2522,X0240,rs34975815
2523,X0240,Affx-23671264
2524,X0240,rs79649944
2525,X0240,rs7154757
2526,X0240,rs9984110
2527,X0241,rs13387042
2528,X0241,rs1124873
2529,X0241,rs72759957
2530,X0241,rs10822013
2531,X0241,rs45631630
2532,X0241,rs17356907
2533,X0242,rs2553026
2534,X0242,rs11893358
2535,X0243,Affx-19135860
2536,X0243,rs3849590
2537,X0243,rs117525990
2538,X0243,rs7907139
2539,X0243,rs118164726
2540,X0243,rs76160395
2541,X0244,rs1801276
2542,X0244,rs2328519
2543,X0244,rs75041773
2544,X0244,rs1303874
2545,X0244,rs117790077
2546,X0245,rs6742078
2547,X0245,rs6779678
2548,X0245,rs2290846
2549,X0245,rs2081687
2550,X0245,rs12249012
2551,X0245,rs7259871
2552,X0245,rs1800961
2553,X0246,rs114639172
2554,X0246,rs113070825
2555,X0246,rs78250596
2556,X0246,rs3811319
2557,X0246,rs75729340
2558,X0247,rs74703823
2559,X0247,rs114333031
2560,X0247,rs75196982
2561,X0247,rs11031136
2562,X0247,rs11837432
2563,X0247,rs8045590
2564,X0248,rs80170259
2565,X0248,rs116780164
2566,X0248,rs75587225
2567,X0248,rs72952568
2568,X0248,rs78837767
2569,X0248,rs17127407
2570,X0248,rs117263911
2571,X0248,rs117898740
2572,X0248,rs117630467
2573,X0248,rs804566
2574,X0249,Affx-21645068
2575,X0249,rs78417298
2576,X0249,rs114718455
2577,X0249,rs74584624
2578,X0249,rs17599856
2579,X0249,rs34172193
2580,X0249,rs75193007
2581,X0249,rs78222176
2582,X0249,rs75896014
2583,X0249,rs117167356
2584,X0249,rs118162784
2585,X0250,rs10490871
2586,X0250,rs77170649
2587,X0250,rs1860374
2588,X0250,rs34484155
2589,X0251,rs2073712
2590,X0251,rs280872
2591,X0252,rs35470271
2592,X0252,rs1348612
2593,X0252,rs16892766
2594,X0252,rs7103178
2595,X0252,rs35330276
2596,X0252,rs6085661
2597,X0253,rs61740470
2598,X0253,rs34783620
2599,X0253,rs113218636
2600,X0253,rs75807633
2601,X0253,rs76780915
2602,X0253,rs72780934
2603,X0253,rs72801595
2604,X0253,rs74453195
2605,X0253,rs12813285
2606,X0253,rs78564868
2607,X0253,rs34641959
2608,X0253,rs79719602
2609,X0253,rs117985388
2610,X0254,rs2526385
2611,X0254,rs7731626
2612,X0255,rs17651978
2613,X0255,rs40646
2614,X0255,rs57263982
2615,X0256,rs79394537
2616,X0256,rs78489084
2617,X0256,rs7673183
2618,X0256,rs76092860
2619,X0256,rs77626873
2620,X0256,rs117179684
2621,X0256,rs62510137
2622,X0256,rs117068537
2623,X0256,rs78765259
2624,X0257,rs77330364
2625,X0257,rs147318337
2626,X0257,rs74488808
2627,X0257,rs76655434
2628,X0257,rs79464621
2629,X0257,rs72941843
2630,X0257,rs74122244
2631,X0257,rs71493883
2632,X0257,rs117152961
2633,X0257,rs116986691
2634,X0258,rs112475278
2635,X0258,rs77943567
2636,X0258,rs11743835
2637,X0258,rs76721197
2638,X0258,rs79816080
2639,X0258,rs77172747
2640,X0259,rs73147826
2641,X0259,rs79733042
2642,X0259,rs116080128
2643,X0259,rs75697640
2644,X0259,rs17406405
2645,X0259,rs76637462
2646,X0259,rs75445152
2647,X0259,rs12722598
2648,X0259,rs78745584
2649,X0259,rs75466358
2650,X0259,rs17774983
2651,X0260,rs2687729
2652,X0260,rs1757945
2653,X0261,rs61730505
2654,X0261,rs79858132
2655,X0261,rs72680133
2656,X0261,rs72833265
2657,X0261,rs117588604
2658,X0261,rs117091124
2659,X0261,rs73114499
2660,X0261,rs2209797
2661,X0261,rs12686544
2662,X0261,rs1528287
2663,X0261,rs11066313
2664,X0261,rs77572683
2665,X0261,rs79490353
2666,X0261,rs17094474
2667,X0261,rs117930276
2668,X0261,rs112217762
2669,X0261,rs80167425
2670,X0261,rs56150553
2671,X0261,rs6072648
2672,X0261,rs1889142
2673,X0262,rs1679153
2674,X0262,rs61075980
2675,X0262,rs57301765
2676,X0262,rs75511781
2677,X0262,Affx-4150211
2678,X0262,rs11057830
2679,X0262,rs11330240
2680,X0262,rs16948048
2681,X0262,rs16953013
2682,X0263,rs13319408
2683,X0263,rs16861232
2684,X0263,rs13119031
2685,X0263,rs78835444
2686,X0263,rs58220949
2687,X0263,rs79944777
2688,X0263,rs34934130
2689,X0263,rs4603427
2690,X0263,rs9536754
2691,X0263,rs78430185
2692,X0263,rs55742391
2693,X0263,rs34735233
2694,X0263,rs17801791
2695,X0264,rs1948390
2696,X0264,rs958444
2697,X0264,rs76295380
2698,X0264,rs118159639
2699,X0264,rs77616023
2700,X0264,rs11598874
2701,X0264,rs28548100
2702,X0264,rs79658056
2703,X0264,rs117654928
2704,X0264,rs118134255
2705,X0265,rs10936599
2706,X0265,rs17156153
2707,X0265,rs1801516
2708,X0266,rs9838604
2709,X0266,rs12108452
2710,X0266,rs74342245
2711,X0266,rs67050149
2712,X0266,rs6046144
2713,X0267,rs12492992
2714,X0267,rs151271410
2715,X0267,rs12212785
2716,X0267,rs79863952
2717,X0267,rs112588716
2718,X0268,rs36086854
2719,X0268,rs114895607
2720,X0268,rs6844473
2721,X0268,rs73079954
2722,X0268,rs77960360
2723,X0268,rs34785368
2724,X0268,rs77282176
2725,X0268,rs117312671
2726,X0269,rs362307
2727,X0269,rs12508440
2728,X0269,rs62355136
2729,X0269,rs115154880
2730,X0269,rs6973517
2731,X0269,rs79987207
2732,X0269,rs11174454
2733,X0269,rs111825271
2734,X0269,rs17472393
2735,X0270,rs4425311
2736,X0270,rs1841972
2737,X0270,rs6569364
2738,X0270,rs11640986
2739,X0271,Affx-36746018
2740,X0271,rs111508397
2741,X0271,rs114848727
2742,X0271,rs10272474
2743,X0271,rs76053268
2744,X0271,rs17829719
2745,X0271,rs72659626
2746,X0271,rs116860688
2747,X0271,rs78427738
2748,X0271,rs116990435
2749,X0272,rs13129697
2750,X0272,rs454768
2751,X0273,rs17429847
2752,X0273,rs34616430
2753,X0273,rs73354199
2754,X0273,rs117334775
2755,X0273,rs72657275
2756,X0273,rs76669440
2757,X0274,rs1014552
2758,X0274,rs62340572
2759,X0274,rs115605691
2760,X0274,rs118016817
2761,X0274,rs117420777
2762,X0274,rs77308085
2763,X0274,rs73211904
2764,X0274,rs28359524
2765,X0274,rs117206365
2766,X0274,rs116879316
2767,X0274,rs76050622
2768,X0274,rs74911677
2769,X0274,rs17232348
2770,X0274,rs75084112
2771,X0274,rs78395048
2772,X0274,rs78002439
2773,X0274,rs231564
2774,X0274,rs138243
2775,X0275,rs10020951
2776,X0275,rs75005416
2777,X0275,rs113898198
2778,X0275,rs199055
2779,X0275,rs77141874
2780,X0275,rs118094226
2781,X0275,rs117182866
2782,X0275,rs74729480
2783,X0275,rs16966833
2784,X0275,rs117803469
2785,X0276,rs6833389
2786,X0276,rs72679973
2787,X0276,rs111550474
2788,X0276,rs56181521
2789,X0276,rs76951664
2790,X0276,rs117367263
2791,X0276,rs116985836
2792,X0276,rs10518960
2793,X0276,rs8102610
2794,X0277,rs7653911
2795,X0277,rs111448563
2796,X0277,rs62369380
2797,X0277,rs115523726
2798,X0277,rs183464
2799,X0277,rs17863057
2800,X0277,rs79091781
2801,X0277,rs80095409
2802,X0277,rs117520190
2803,X0277,rs117256623
2804,X0277,rs72944377
2805,X0277,rs117439611
2806,X0277,rs28667337
2807,X0277,rs78653070
2808,X0277,rs75038438
2809,X0277,rs4606657
2810,X0277,rs113920704
2811,X0277,rs76114334
2812,X0277,rs76597414
2813,X0277,rs117681218
2814,X0277,rs138292237
2815,X0277,rs75538714
2816,X0277,rs117883435
2817,X0278,rs34279390
2818,X0278,rs74303283
2819,X0278,rs57697678
2820,X0278,rs1896531
2821,X0278,rs1393275
2822,X0278,rs10773087
2823,X0278,rs513815
2824,X0278,rs4389167
2825,X0278,rs73537455
2826,X0278,rs34034473
2827,X0278,rs292122
2828,X0279,rs13107325
2829,X0279,rs7140889
2830,X0280,rs6843082
2831,X0281,rs6822844
2832,X0281,rs537581
2833,X0281,rs9295704
2834,X0281,rs1524068
2835,X0281,rs2912522
2836,X0281,rs677330
2837,X0281,rs28698504
2838,X0282,rs6537293
2839,X0282,rs67455183
2840,X0282,rs938682
2841,X0283,rs36225840
2842,X0283,rs74915990
2843,X0283,rs6888802
2844,X0283,rs72687969
2845,X0283,rs2733283
2846,X0283,rs79749933
2847,X0283,rs117486084
2848,X0283,rs111527185
2849,X0283,rs75911208
2850,X0284,rs62328524
2851,X0284,rs75440732
2852,X0284,rs75737817
2853,X0284,rs79215307
2854,X0284,rs79476482
2855,X0284,rs117019691
2856,X0284,rs62076101
2857,X0284,rs117131051
2858,X0284,rs76602912
2859,X0285,rs6841699
2860,X0285,rs266571
2861,X0285,rs1294421
2862,X0285,rs10103155
2863,X0286,rs1897767
2864,X0286,rs17602038
2865,X0286,rs35030326
2866,X0287,rs17072322
2867,X0287,rs12209307
2868,X0287,rs117597017
2869,X0287,rs35942151
2870,X0288,rs10069690
2871,X0288,rs2853677
2872,X0289,rs401681
2873,X0290,rs79118820
2874,X0290,rs77955971
2875,X0290,rs115447786
2876,X0290,rs72971657
2877,X0290,rs72999187
2878,X0290,rs77822622
2879,X0290,rs7871607
2880,X0290,rs117682777
2881,X0290,rs79253379
2882,X0290,rs117664943
2883,X0290,rs7221360
2884,X0290,rs78013963
2885,X0290,rs116846802
2886,X0291,rs16886165
2887,X0291,rs2981575
2888,X0291,rs4784227
2889,X0291,rs17002034
2890,X0292,rs17671591
2891,X0293,rs28446907
2892,X0293,rs115054975
2893,X0293,rs3808343
2894,X0293,rs116910478
2895,X0293,rs11001678
2896,X0293,rs922443
2897,X0293,rs77851248
2898,X0294,rs17615906
2899,X0294,rs11773624
2900,X0295,rs20541
2901,X0295,rs2381416
2902,X0295,rs2589559
2903,X0295,rs17293632
2904,X0295,rs7216389
2905,X0296,rs918519
2906,X0296,rs13275219
2907,X0297,rs891974
2908,X0297,rs35632171
2909,X0297,rs12570824
2910,X0297,rs2207132
2911,X0298,rs12203592
2912,X0299,rs872071
2913,X0299,rs2153271
2914,X0300,rs75894238
2915,X0300,rs1075654
2916,X0300,rs77759352
2917,X0301,rs2274089
2918,X0301,rs9393692
2919,X0302,rs4711092
2920,X0302,rs994379
2921,X0302,Affx-27786290
2922,X0302,rs35705950
2923,X0303,rs80287694
2924,X0303,rs10843013
2925,X0303,rs10777534
2926,X0304,rs72928038
2927,X0304,rs706778
2928,X0304,rs8081264
2929,X0305,rs6932207
2930,X0306,rs11751190
2931,X0306,rs16991615
2932,X0307,rs10455872
2933,X0307,rs10757274
2934,X0308,rs6972703
2935,X0308,rs10490924
2936,X0308,rs613872
2937,X0309,rs2290221
2938,X0309,rs604254
2939,X0309,rs34945782
2940,X0309,rs62228062
2941,X0310,rs12538362
2942,X0311,rs6465657
2943,X0311,rs1512268
2944,X0311,rs4242382
2945,X0311,rs10993994
2946,X0311,rs7130881
2947,X0312,rs2908007
2948,X0312,rs3824247
2949,X0313,rs11562045
2950,X0313,rs10508700
2951,X0313,rs17309930
2952,X0313,rs11616947
2953,X0314,rs11998678
2954,X0314,rs1421085
2955,X0314,Affx-13926329
2956,X0314,rs10871777
2957,X0315,rs113373865
2958,X0315,rs62532816
2959,X0316,rs17464492
2960,X0316,rs10896449
2961,X0316,rs4430796
2962,X0316,rs5759167
2963,X0317,rs6983267
2964,X0317,rs17632542
2965,X0318,rs9642880
2966,X0318,rs2976387
2967,X0319,rs4742415
2968,X0319,rs7106353
2969,X0319,rs4809352
2970,X0320,rs56190763
2971,X0320,rs80285835
2972,X0320,rs35487354
2973,X0320,rs75116029
2974,X0320,rs79989254
2975,X0320,rs117216419
2976,X0321,rs505922
2977,X0322,rs739447
2978,X0322,rs12914385
2979,X0322,rs45461993
2980,X0323,rs11598494
2981,X0323,rs2268146
2982,X0323,rs146125856
2983,X0323,rs148783236
2984,X0323,rs34536443
2985,X0324,rs12356674
2986,X0325,rs118081660
2987,X0325,rs10788160
2988,X0325,rs77701603
2989,X0325,rs3095527
2990,X0326,rs7907629
2991,X0326,rs79235855
2992,X0326,rs75842146
2993,X0326,rs145013933
2994,X0326,rs73009507
2995,X0327,rs77436432
2996,X0327,rs117749488
2997,X0327,rs112450479
2998,X0328,rs1393350
2999,X0328,rs11170164
3000,X0328,rs3114908
3001,X0328,Affx-35293625
3002,X0328,rs17305657
3003,X0328,rs973409
3004,X0328,rs910873
3005,X0328,rs76894896
3006,X0329,Affx-6370160
3007,X0329,rs3138141
3008,X0330,rs6489835
3009,X0330,rs3184504
3010,X0331,rs7953929
3011,X0332,rs36071623
3012,X0332,rs34145779
3013,X0332,rs12910916
3014,X0333,rs66500175
3015,X0333,rs71325459
3016,X0334,rs72678071
3017,X0334,rs45446093
3018,X0335,rs117254288
3019,X0336,rs12150284
3020,X0337,rs58542926
3021,X0337,rs738409
3022,X0338,rs601338
3023,X0339,rs143384
3024,X0339,rs17093325
